inequality_ok,hit_rate,baseline,moduli
False,0.019000,0.009901,101 107 109 113 127 131 137 139
