loss_frac,success_rate
0.0,0.576250
0.1,0.536250
0.2,0.468750
0.3,0.350000
0.4,0.237500
0.5,0.127500
0.6,0.053750
