noise_bound,success_rate
0,0.543333
1,0.196667
2,0.110000
3,0.103333
4,0.071667
5,0.056667
6,0.058333
7,0.046667
8,0.023333
9,0.033333
10,0.025000
